{"cameraMode":{"drawMode":0,"name":"Shaded","section":"Shading Mode"},"sceneLighting":true,"audioPlay":false,"sceneViewState":{"showFog":true,"showMaterialUpdate":false,"showSkybox":true,"showFlares":true,"showImageEffects":true,"showParticleSystems":true},"in2DMode":false,"pivot":{"x":596.1206665039063,"y":56.36088562011719,"z":585.2108764648438},"rotation":{"x":-0.03805730491876602,"y":0.6877836585044861,"z":-0.0365847572684288,"w":-0.7241542339324951},"size":207.85133361816407,"orthographic":false}