{"cameraMode":{"drawMode":0,"name":"Shaded","section":"Shading Mode"},"sceneLighting":true,"audioPlay":false,"sceneViewState":{"showFog":true,"showMaterialUpdate":false,"showSkybox":true,"showFlares":true,"showImageEffects":true,"showParticleSystems":true},"in2DMode":false,"pivot":{"x":-1036.6339111328125,"y":-197.1011199951172,"z":590.5950927734375},"rotation":{"x":-0.11089535057544708,"y":0.5876708030700684,"z":-0.08193375170230866,"w":-0.7973741888999939},"size":2508.69677734375,"orthographic":false}