{"cameraMode":{"drawMode":0,"name":"Shaded","section":"Shading Mode"},"sceneLighting":true,"audioPlay":false,"sceneViewState":{"showFog":true,"showMaterialUpdate":false,"showSkybox":true,"showFlares":true,"showImageEffects":true,"showParticleSystems":true},"in2DMode":false,"pivot":{"x":-1294.228515625,"y":-200.36703491210938,"z":667.0138549804688},"rotation":{"x":-0.05840050429105759,"y":0.6634292602539063,"z":-0.052052874118089679,"w":-0.744173526763916},"size":1751.43994140625,"orthographic":false}