{"cameraMode":{"drawMode":0,"name":"Shaded","section":"Shading Mode"},"sceneLighting":false,"audioPlay":false,"sceneViewState":{"showFog":true,"showMaterialUpdate":false,"showSkybox":false,"showFlares":true,"showImageEffects":true,"showParticleSystems":true},"in2DMode":false,"pivot":{"x":34.382057189941409,"y":111.432861328125,"z":643.2396240234375},"rotation":{"x":-0.13528402149677277,"y":0.7858374714851379,"z":-0.1850871592760086,"w":-0.5744116902351379},"size":339.9303894042969,"orthographic":false}